{"cameraMode":{"drawMode":0,"name":"Shaded","section":"Shading Mode"},"sceneLighting":false,"audioPlay":false,"sceneViewState":{"m_AlwaysRefresh":false,"showFog":true,"showSkybox":false,"showFlares":true,"showImageEffects":true,"showParticleSystems":true,"showVisualEffectGraphs":true,"m_FxEnabled":true},"in2DMode":false,"pivot":{"x":0.0179101824760437,"y":0.637819230556488,"z":1.5166079998016358},"rotation":{"x":0.22803227603435517,"y":-0.6076643466949463,"z":0.18797285854816438,"w":0.7371660470962524},"size":1.0481270551681519,"orthographic":false}