{"cameraMode":{"drawMode":0,"name":"Shaded","section":"Shading Mode"},"sceneLighting":true,"audioPlay":false,"sceneViewState":{"m_AlwaysRefresh":false,"showFog":true,"showSkybox":true,"showFlares":true,"showImageEffects":true,"showParticleSystems":true,"showVisualEffectGraphs":true,"m_FxEnabled":true},"in2DMode":false,"pivot":{"x":471.78424072265627,"y":111.78299713134766,"z":-127.61189270019531},"rotation":{"x":0.019498219713568689,"y":-0.008091087453067303,"z":-0.00015789119061082602,"w":-0.9997778534889221},"size":108.25648498535156,"orthographic":true}