{"cameraMode":{"drawMode":0,"name":"Shaded","section":"Shading Mode"},"sceneLighting":true,"audioPlay":false,"sceneViewState":{"m_AlwaysRefresh":false,"showFog":true,"showSkybox":true,"showFlares":true,"showImageEffects":true,"showParticleSystems":true,"showVisualEffectGraphs":true,"m_FxEnabled":true},"in2DMode":false,"pivot":{"x":463.0025329589844,"y":147.78921508789063,"z":75.35018920898438},"rotation":{"x":0.03149426355957985,"y":-0.00839508417993784,"z":0.0002621233288664371,"w":0.9994789958000183},"size":212.23513793945313,"orthographic":false}