{"cameraMode":{"drawMode":0,"name":"Shaded","section":"Shading Mode"},"sceneLighting":true,"audioPlay":false,"sceneViewState":{"m_AlwaysRefresh":false,"showFog":true,"showSkybox":true,"showFlares":true,"showImageEffects":true,"showParticleSystems":true,"showVisualEffectGraphs":true,"m_FxEnabled":true},"in2DMode":false,"pivot":{"x":11.220340728759766,"y":-0.22177410125732423,"z":3.6300907135009767},"rotation":{"x":0.22310428321361543,"y":-0.004386554006487131,"z":0.0010039694607257844,"w":0.9747843146324158},"size":7.829465389251709,"orthographic":false}