{"cameraMode":{"drawMode":0,"name":"Shaded","section":"Shading Mode"},"sceneLighting":true,"audioPlay":false,"sceneViewState":{"m_AlwaysRefresh":false,"showFog":true,"showSkybox":true,"showFlares":true,"showImageEffects":true,"showParticleSystems":true,"showVisualEffectGraphs":true,"m_FxEnabled":true},"in2DMode":false,"pivot":{"x":53.86033248901367,"y":-103.40353393554688,"z":216.57940673828126},"rotation":{"x":0.42778822779655459,"y":0.040396708995103839,"z":-0.019100019708275796,"w":0.9028081893920898},"size":149.79794311523438,"orthographic":false}