{"cameraMode":{"drawMode":0,"name":"Shaded","section":"Shading Mode"},"sceneLighting":true,"audioPlay":false,"sceneViewState":{"m_AlwaysRefresh":false,"showFog":true,"showSkybox":true,"showFlares":true,"showImageEffects":true,"showParticleSystems":true,"showVisualEffectGraphs":true,"m_FxEnabled":true},"in2DMode":false,"pivot":{"x":21.066801071166993,"y":-6.941673278808594,"z":27.320701599121095},"rotation":{"x":0.2661002576351166,"y":0.22860875725746156,"z":-0.0651191771030426,"w":0.9341774582862854},"size":18.239316940307618,"orthographic":false}