{"cameraMode":{"drawMode":0,"name":"Shaded","section":"Shading Mode"},"sceneLighting":true,"audioPlay":false,"sceneViewState":{"m_AlwaysRefresh":false,"showFog":true,"showSkybox":true,"showFlares":true,"showImageEffects":true,"showParticleSystems":true,"showVisualEffectGraphs":true,"m_FxEnabled":true},"in2DMode":false,"pivot":{"x":-1.5239306688308716,"y":1.6896395683288575,"z":4.438746929168701},"rotation":{"x":0.22310428321361543,"y":-0.004386554006487131,"z":0.0010039694607257844,"w":0.9747843146324158},"size":14.208780288696289,"orthographic":false}