{"cameraMode":{"drawMode":0,"name":"Shaded","section":"Shading Mode"},"sceneLighting":true,"audioPlay":false,"sceneViewState":{"m_AlwaysRefresh":false,"showFog":true,"showSkybox":true,"showFlares":true,"showImageEffects":true,"showParticleSystems":true,"showVisualEffectGraphs":true,"m_FxEnabled":true},"in2DMode":false,"pivot":{"x":66.278564453125,"y":13.138328552246094,"z":48.35267639160156},"rotation":{"x":0.1434553563594818,"y":0.025827646255493165,"z":-0.003747771494090557,"w":0.9893217086791992},"size":10.855936050415039,"orthographic":false}