{"cameraMode":{"drawMode":0,"name":"Shaded","section":"Shading Mode"},"sceneLighting":false,"audioPlay":false,"sceneViewState":{"m_AlwaysRefresh":false,"showFog":true,"showSkybox":false,"showFlares":true,"showImageEffects":true,"showParticleSystems":true,"showVisualEffectGraphs":true,"m_FxEnabled":true},"in2DMode":false,"pivot":{"x":4.210000038146973,"y":1.627500057220459,"z":-6.239999771118164},"rotation":{"x":0.02549721486866474,"y":0.00360031146556139,"z":-0.00009333687194157392,"w":0.9996752142906189},"size":1.3308855295181275,"orthographic":false}